<?xml version="1.0" encoding="UTF-8"?>
<beans  
    xmlns="http://www.springframework.org/schema/beans"  
    xmlns:xsi="http://www.w3.org/2001/XMLSchema-instance"  
    xmlns:p="http://www.springframework.org/schema/p"  
    xsi:schemaLocation="http://www.springframework.org/schema/beans  
                http://www.springframework.org/schema/beans/spring-beans-3.0.xsd">
 
 
 <bean id="user" class="com.User">
	 <!-- <property name="id" value="101"></property>
	  <property name="userName" value="Rohan"></property> -->
	  <constructor-arg type="int" value="102"></constructor-arg>
	  <constructor-arg type="String" value="BACC"></constructor-arg>
 </bean>
 
 </beans>